<?xml version="1.0" encoding="UTF-8"?>
<hdf5:HDF5-File xmlns:hdf5="http://hdfgroup.org/HDF5/XML/schema/HDF5-File.xsd" xmlns:xsi="http://www.w3.org/2001/XMLSchema-instance" xsi:schemaLocation="http://hdfgroup.org/HDF5/XML/schema/HDF5-File http://www.hdfgroup.org/HDF5/XML/schema/HDF5-File.xsd">
<hdf5:RootGroup OBJ-XID="xid_696" H5Path="/">
   <hdf5:NamedDataType Name="#6632" OBJ-XID="xid_18446744073709551614" Parents="xid_696" H5ParentPaths="/">
      <hdf5:DataType>
         <hdf5:CompoundType>
            <hdf5:Field FieldName="int">
               <hdf5:DataType>
                  <hdf5:AtomicType>
                     <hdf5:IntegerType ByteOrder="BE" Sign="true" Size="4" />
                  </hdf5:AtomicType>
               </hdf5:DataType>
            </hdf5:Field>
            <hdf5:Field FieldName="float">
               <hdf5:DataType>
                  <hdf5:AtomicType>
                     <hdf5:FloatType ByteOrder="BE" Size="4" SignBitLocation="31" ExponentBits="8" ExponentLocation="23" MantissaBits="23" MantissaLocation="0" />
                  </hdf5:AtomicType>
               </hdf5:DataType>
            </hdf5:Field>
         </hdf5:CompoundType>
      </hdf5:DataType>
   </hdf5:NamedDataType>
   <hdf5:Dataset Name="dset1" OBJ-XID="xid_744" H5Path= "/dset1" Parents="xid_696" H5ParentPaths="/">
      <hdf5:StorageLayout>
         <hdf5:ContiguousLayout/>
      </hdf5:StorageLayout>
      <hdf5:FillValueInfo FillTime="FillIfSet" AllocationTime="Late">
         <hdf5:FillValue>
            <hdf5:NoFill/>
         </hdf5:FillValue>
      </hdf5:FillValueInfo>
      <hdf5:Dataspace>
         <hdf5:SimpleDataspace Ndims="1">
            <hdf5:Dimension  DimSize="5" MaxDimSize="5"/>
         </hdf5:SimpleDataspace>
      </hdf5:Dataspace>
      <hdf5:DataType>
         <hdf5:CompoundType>
            <hdf5:Field FieldName="a_name">
               <hdf5:DataType>
                  <hdf5:AtomicType>
                     <hdf5:IntegerType ByteOrder="BE" Sign="true" Size="4" />
                  </hdf5:AtomicType>
               </hdf5:DataType>
            </hdf5:Field>
            <hdf5:Field FieldName="b_name">
               <hdf5:DataType>
                  <hdf5:AtomicType>
                     <hdf5:FloatType ByteOrder="BE" Size="4" SignBitLocation="31" ExponentBits="8" ExponentLocation="23" MantissaBits="23" MantissaLocation="0" />
                  </hdf5:AtomicType>
               </hdf5:DataType>
            </hdf5:Field>
            <hdf5:Field FieldName="c_name">
               <hdf5:DataType>
                  <hdf5:AtomicType>
                     <hdf5:FloatType ByteOrder="BE" Size="8" SignBitLocation="63" ExponentBits="11" ExponentLocation="52" MantissaBits="52" MantissaLocation="0" />
                  </hdf5:AtomicType>
               </hdf5:DataType>
            </hdf5:Field>
         </hdf5:CompoundType>
      </hdf5:DataType>
   <!-- Note: format of compound data not specified -->
      <hdf5:Data>
         <hdf5:DataFromFile>
         0 0 1
         1 1 0.5
         2 4 0.333333
         3 9 0.25
         4 16 0.2
         </hdf5:DataFromFile>
      </hdf5:Data>
   </hdf5:Dataset>
   <hdf5:Group Name="group1" OBJ-XID="xid_2104" H5Path="/group1" Parents="xid_696" H5ParentPaths="/" >
      <hdf5:Dataset Name="dset2" OBJ-XID="xid_2152" H5Path= "/group1/dset2" Parents="xid_2104" H5ParentPaths="/group1">
         <hdf5:StorageLayout>
            <hdf5:ContiguousLayout/>
         </hdf5:StorageLayout>
         <hdf5:FillValueInfo FillTime="FillIfSet" AllocationTime="Late">
            <hdf5:FillValue>
               <hdf5:NoFill/>
            </hdf5:FillValue>
         </hdf5:FillValueInfo>
         <hdf5:Dataspace>
            <hdf5:SimpleDataspace Ndims="1">
               <hdf5:Dimension  DimSize="5" MaxDimSize="5"/>
            </hdf5:SimpleDataspace>
         </hdf5:Dataspace>
         <hdf5:NamedDataTypePtr OBJ-XID="xid_1424" H5Path="/type1" />
      <!-- Note: format of compound data not specified -->
         <hdf5:Data>
            <hdf5:DataFromFile>
            0 0
            1 1.1
            2 2.2
            3 3.3
            4 4.4
            </hdf5:DataFromFile>
         </hdf5:Data>
      </hdf5:Dataset>
      <hdf5:Dataset Name="dset3" OBJ-XID="xid_2872" H5Path= "/group1/dset3" Parents="xid_2104" H5ParentPaths="/group1">
         <hdf5:StorageLayout>
            <hdf5:ContiguousLayout/>
         </hdf5:StorageLayout>
         <hdf5:FillValueInfo FillTime="FillIfSet" AllocationTime="Late">
            <hdf5:FillValue>
               <hdf5:NoFill/>
            </hdf5:FillValue>
         </hdf5:FillValueInfo>
         <hdf5:Dataspace>
            <hdf5:SimpleDataspace Ndims="2">
               <hdf5:Dimension  DimSize="3" MaxDimSize="3"/>
               <hdf5:Dimension  DimSize="6" MaxDimSize="6"/>
            </hdf5:SimpleDataspace>
         </hdf5:Dataspace>
         <hdf5:NamedDataTypePtr OBJ-XID="xid_2792" H5Path="/type2" />
      <!-- Note: format of compound data not specified -->
         <hdf5:Data>
            <hdf5:DataFromFile>
            0 1 2 3 1 2 3 4 5 6 2 3 4 5 6 7 3 4 5 6 7 8 4 5 6 7 8 9 5 6 7 8 9 10
            1 2 3 4 2 3 4 5 6 7 3 4 5 6 7 8 4 5 6 7 8 9 5 6 7 8 9 10 6 7 8 9 10 11
            2 3 4 5 3 4 5 6 7 8 4 5 6 7 8 9 5 6 7 8 9 10 6 7 8 9 10 11 7 8 9 10 11 12
            3 4 5 6 4 5 6 7 8 9 5 6 7 8 9 10 6 7 8 9 10 11 7 8 9 10 11 12 8 9 10 11 12 13
            4 5 6 7 5 6 7 8 9 10 6 7 8 9 10 11 7 8 9 10 11 12 8 9 10 11 12 13 9 10 11 12 13 14
            5 6 7 8 6 7 8 9 10 11 7 8 9 10 11 12 8 9 10 11 12 13 9 10 11 12 13 14 10 11 12 13 14 15
            1 2 3 4 2 3 4 5 6 7 3 4 5 6 7 8 4 5 6 7 8 9 5 6 7 8 9 10 6 7 8 9 10 11
            2 3 4 5 3 4 5 6 7 8 4 5 6 7 8 9 5 6 7 8 9 10 6 7 8 9 10 11 7 8 9 10 11 12
            3 4 5 6 4 5 6 7 8 9 5 6 7 8 9 10 6 7 8 9 10 11 7 8 9 10 11 12 8 9 10 11 12 13
            4 5 6 7 5 6 7 8 9 10 6 7 8 9 10 11 7 8 9 10 11 12 8 9 10 11 12 13 9 10 11 12 13 14
            5 6 7 8 6 7 8 9 10 11 7 8 9 10 11 12 8 9 10 11 12 13 9 10 11 12 13 14 10 11 12 13 14 15
            6 7 8 9 7 8 9 10 11 12 8 9 10 11 12 13 9 10 11 12 13 14 10 11 12 13 14 15 11 12 13 14 15 16
            2 3 4 5 3 4 5 6 7 8 4 5 6 7 8 9 5 6 7 8 9 10 6 7 8 9 10 11 7 8 9 10 11 12
            3 4 5 6 4 5 6 7 8 9 5 6 7 8 9 10 6 7 8 9 10 11 7 8 9 10 11 12 8 9 10 11 12 13
            4 5 6 7 5 6 7 8 9 10 6 7 8 9 10 11 7 8 9 10 11 12 8 9 10 11 12 13 9 10 11 12 13 14
            5 6 7 8 6 7 8 9 10 11 7 8 9 10 11 12 8 9 10 11 12 13 9 10 11 12 13 14 10 11 12 13 14 15
            6 7 8 9 7 8 9 10 11 12 8 9 10 11 12 13 9 10 11 12 13 14 10 11 12 13 14 15 11 12 13 14 15 16
            7 8 9 10 8 9 10 11 12 13 9 10 11 12 13 14 10 11 12 13 14 15 11 12 13 14 15 16 12 13 14 15 16 17
            </hdf5:DataFromFile>
         </hdf5:Data>
      </hdf5:Dataset>
      <hdf5:Dataset Name="dset4" OBJ-XID="xid_5672" H5Path= "/group1/dset4" Parents="xid_2104" H5ParentPaths="/group1">
         <hdf5:StorageLayout>
            <hdf5:ContiguousLayout/>
         </hdf5:StorageLayout>
         <hdf5:FillValueInfo FillTime="FillIfSet" AllocationTime="Late">
            <hdf5:FillValue>
               <hdf5:NoFill/>
            </hdf5:FillValue>
         </hdf5:FillValueInfo>
         <hdf5:Dataspace>
            <hdf5:SimpleDataspace Ndims="1">
               <hdf5:Dimension  DimSize="5" MaxDimSize="5"/>
            </hdf5:SimpleDataspace>
         </hdf5:Dataspace>
         <hdf5:NamedDataTypePtr OBJ-XID="xid_5592" H5Path="/group1/type3" />
      <!-- Note: format of compound data not specified -->
         <hdf5:Data>
            <hdf5:DataFromFile>
            0 3
            1 4
            2 5
            3 6
            4 7
            </hdf5:DataFromFile>
         </hdf5:Data>
      </hdf5:Dataset>
      <hdf5:NamedDataType Name="type3" OBJ-XID="xid_5592" H5Path="/group1/type3" Parents="xid_2104" H5ParentPaths="/group1">
         <hdf5:DataType>
            <hdf5:CompoundType>
               <hdf5:Field FieldName="int">
                  <hdf5:DataType>
                     <hdf5:AtomicType>
                        <hdf5:IntegerType ByteOrder="BE" Sign="true" Size="4" />
                     </hdf5:AtomicType>
                  </hdf5:DataType>
               </hdf5:Field>
               <hdf5:Field FieldName="float">
                  <hdf5:DataType>
                     <hdf5:AtomicType>
                        <hdf5:FloatType ByteOrder="BE" Size="4" SignBitLocation="31" ExponentBits="8" ExponentLocation="23" MantissaBits="23" MantissaLocation="0" />
                     </hdf5:AtomicType>
                  </hdf5:DataType>
               </hdf5:Field>
            </hdf5:CompoundType>
         </hdf5:DataType>
      </hdf5:NamedDataType>
   </hdf5:Group>
   <hdf5:Group Name="group2" OBJ-XID="xid_6584" H5Path="/group2" Parents="xid_696" H5ParentPaths="/" >
      <hdf5:Dataset Name="dset5" OBJ-XID="xid_7040" H5Path= "/group2/dset5" Parents="xid_6584" H5ParentPaths="/group2">
         <hdf5:StorageLayout>
            <hdf5:ContiguousLayout/>
         </hdf5:StorageLayout>
         <hdf5:FillValueInfo FillTime="FillIfSet" AllocationTime="Late">
            <hdf5:FillValue>
               <hdf5:NoFill/>
            </hdf5:FillValue>
         </hdf5:FillValueInfo>
         <hdf5:Dataspace>
            <hdf5:SimpleDataspace Ndims="1">
               <hdf5:Dimension  DimSize="5" MaxDimSize="5"/>
            </hdf5:SimpleDataspace>
         </hdf5:Dataspace>
         <hdf5:NamedDataTypePtr OBJ-XID="xid_7040"/>
      <!-- Note: format of compound data not specified -->
         <hdf5:Data>
            <hdf5:DataFromFile>
            0 0
            1 0.1
            2 0.2
            3 0.3
            4 0.4
            </hdf5:DataFromFile>
         </hdf5:Data>
      </hdf5:Dataset>
   </hdf5:Group>
   <hdf5:NamedDataType Name="type1" OBJ-XID="xid_1424" H5Path="/type1" Parents="xid_696" H5ParentPaths="/">
      <hdf5:DataType>
         <hdf5:CompoundType>
            <hdf5:Field FieldName="int_name">
               <hdf5:DataType>
                  <hdf5:AtomicType>
                     <hdf5:IntegerType ByteOrder="BE" Sign="true" Size="4" />
                  </hdf5:AtomicType>
               </hdf5:DataType>
            </hdf5:Field>
            <hdf5:Field FieldName="float_name">
               <hdf5:DataType>
                  <hdf5:AtomicType>
                     <hdf5:FloatType ByteOrder="BE" Size="4" SignBitLocation="31" ExponentBits="8" ExponentLocation="23" MantissaBits="23" MantissaLocation="0" />
                  </hdf5:AtomicType>
               </hdf5:DataType>
            </hdf5:Field>
         </hdf5:CompoundType>
      </hdf5:DataType>
   </hdf5:NamedDataType>
   <hdf5:NamedDataType Name="type2" OBJ-XID="xid_2792" H5Path="/type2" Parents="xid_696" H5ParentPaths="/">
      <hdf5:DataType>
         <hdf5:CompoundType>
            <hdf5:Field FieldName="int_array">
               <hdf5:DataType>
                  <hdf5:ArrayType Ndims="1">
                     <hdf5:ArrayDimension DimSize="4"/>
                     <hdf5:DataType>
                        <hdf5:AtomicType>
                           <hdf5:IntegerType ByteOrder="BE" Sign="true" Size="4" />
                        </hdf5:AtomicType>
                     </hdf5:DataType>
                  </hdf5:ArrayType>
               </hdf5:DataType>
            </hdf5:Field>
            <hdf5:Field FieldName="float_array">
               <hdf5:DataType>
                  <hdf5:ArrayType Ndims="2">
                     <hdf5:ArrayDimension DimSize="5"/>
                     <hdf5:ArrayDimension DimSize="6"/>
                     <hdf5:DataType>
                        <hdf5:AtomicType>
                           <hdf5:FloatType ByteOrder="BE" Size="4" SignBitLocation="31" ExponentBits="8" ExponentLocation="23" MantissaBits="23" MantissaLocation="0" />
                        </hdf5:AtomicType>
                     </hdf5:DataType>
                  </hdf5:ArrayType>
               </hdf5:DataType>
            </hdf5:Field>
         </hdf5:CompoundType>
      </hdf5:DataType>
   </hdf5:NamedDataType>
</hdf5:RootGroup>
</hdf5:HDF5-File>
