<?xml version="1.0" encoding="UTF-8"?>
<hdf5:HDF5-File xmlns:hdf5="http://hdfgroup.org/HDF5/XML/schema/HDF5-File.xsd" xmlns:xsi="http://www.w3.org/2001/XMLSchema-instance" xsi:schemaLocation="http://hdfgroup.org/HDF5/XML/schema/HDF5-File http://www.hdfgroup.org/HDF5/XML/schema/HDF5-File.xsd">
<hdf5:RootGroup OBJ-XID="xid_96" H5Path="/">
   <hdf5:Attribute Name="a">
      <hdf5:Dataspace>
         <hdf5:ScalarDataspace />
      </hdf5:Dataspace>
      <hdf5:DataType>
         <hdf5:AtomicType>
            <hdf5:IntegerType ByteOrder="LE" Sign="false" Size="1" />
         </hdf5:AtomicType>
      </hdf5:DataType>
      <hdf5:Data>
         <hdf5:NoData/>
      </hdf5:Data>
   </hdf5:Attribute>
   <hdf5:Attribute Name="b">
      <hdf5:Dataspace>
         <hdf5:ScalarDataspace />
      </hdf5:Dataspace>
      <hdf5:DataType>
         <hdf5:AtomicType>
            <hdf5:IntegerType ByteOrder="LE" Sign="false" Size="1" />
         </hdf5:AtomicType>
      </hdf5:DataType>
      <hdf5:Data>
         <hdf5:NoData/>
      </hdf5:Data>
   </hdf5:Attribute>
   <hdf5:Attribute Name="c">
      <hdf5:Dataspace>
         <hdf5:ScalarDataspace />
      </hdf5:Dataspace>
      <hdf5:DataType>
         <hdf5:AtomicType>
            <hdf5:IntegerType ByteOrder="LE" Sign="false" Size="1" />
         </hdf5:AtomicType>
      </hdf5:DataType>
      <hdf5:Data>
         <hdf5:NoData/>
      </hdf5:Data>
   </hdf5:Attribute>
   <hdf5:Dataset Name="d" OBJ-XID="xid_1412" H5Path= "/d" Parents="xid_96" H5ParentPaths="/">
      <hdf5:StorageLayout>
         <hdf5:ContiguousLayout/>
      </hdf5:StorageLayout>
      <hdf5:FillValueInfo FillTime="FillIfSet" AllocationTime="Late">
         <hdf5:FillValue>
            <hdf5:NoFill/>
         </hdf5:FillValue>
      </hdf5:FillValueInfo>
      <hdf5:Dataspace>
         <hdf5:ScalarDataspace />
      </hdf5:Dataspace>
      <hdf5:DataType>
         <hdf5:AtomicType>
            <hdf5:IntegerType ByteOrder="LE" Sign="false" Size="1" />
         </hdf5:AtomicType>
      </hdf5:DataType>
      <hdf5:Attribute Name="a">
         <hdf5:Dataspace>
            <hdf5:ScalarDataspace />
         </hdf5:Dataspace>
         <hdf5:DataType>
            <hdf5:AtomicType>
               <hdf5:IntegerType ByteOrder="LE" Sign="false" Size="1" />
            </hdf5:AtomicType>
         </hdf5:DataType>
         <hdf5:Data>
            <hdf5:NoData/>
         </hdf5:Data>
      </hdf5:Attribute>
      <hdf5:Attribute Name="b">
         <hdf5:Dataspace>
            <hdf5:ScalarDataspace />
         </hdf5:Dataspace>
         <hdf5:DataType>
            <hdf5:AtomicType>
               <hdf5:IntegerType ByteOrder="LE" Sign="false" Size="1" />
            </hdf5:AtomicType>
         </hdf5:DataType>
         <hdf5:Data>
            <hdf5:NoData/>
         </hdf5:Data>
      </hdf5:Attribute>
      <hdf5:Attribute Name="c">
         <hdf5:Dataspace>
            <hdf5:ScalarDataspace />
         </hdf5:Dataspace>
         <hdf5:DataType>
            <hdf5:AtomicType>
               <hdf5:IntegerType ByteOrder="LE" Sign="false" Size="1" />
            </hdf5:AtomicType>
         </hdf5:DataType>
         <hdf5:Data>
            <hdf5:NoData/>
         </hdf5:Data>
      </hdf5:Attribute>
      <hdf5:Data>
         <hdf5:NoData/>
      </hdf5:Data>
   </hdf5:Dataset>
   <hdf5:Dataset Name="dt" OBJ-XID="xid_800" H5Path= "/dt" Parents="xid_96" H5ParentPaths="/">
      <hdf5:StorageLayout>
         <hdf5:ContiguousLayout/>
      </hdf5:StorageLayout>
      <hdf5:FillValueInfo FillTime="FillIfSet" AllocationTime="Late">
         <hdf5:FillValue>
            <hdf5:NoFill/>
         </hdf5:FillValue>
      </hdf5:FillValueInfo>
      <hdf5:Dataspace>
         <hdf5:ScalarDataspace />
      </hdf5:Dataspace>
      <hdf5:DataType>
         <hdf5:AtomicType>
            <hdf5:IntegerType ByteOrder="LE" Sign="false" Size="1" />
         </hdf5:AtomicType>
      </hdf5:DataType>
      <hdf5:Attribute Name="a">
         <hdf5:Dataspace>
            <hdf5:ScalarDataspace />
         </hdf5:Dataspace>
         <hdf5:DataType>
            <hdf5:AtomicType>
               <hdf5:IntegerType ByteOrder="LE" Sign="false" Size="1" />
            </hdf5:AtomicType>
         </hdf5:DataType>
         <hdf5:Data>
            <hdf5:NoData/>
         </hdf5:Data>
      </hdf5:Attribute>
      <hdf5:Attribute Name="b">
         <hdf5:Dataspace>
            <hdf5:ScalarDataspace />
         </hdf5:Dataspace>
         <hdf5:DataType>
            <hdf5:AtomicType>
               <hdf5:IntegerType ByteOrder="LE" Sign="false" Size="1" />
            </hdf5:AtomicType>
         </hdf5:DataType>
         <hdf5:Data>
            <hdf5:NoData/>
         </hdf5:Data>
      </hdf5:Attribute>
      <hdf5:Attribute Name="c">
         <hdf5:Dataspace>
            <hdf5:ScalarDataspace />
         </hdf5:Dataspace>
         <hdf5:DataType>
            <hdf5:AtomicType>
               <hdf5:IntegerType ByteOrder="LE" Sign="false" Size="1" />
            </hdf5:AtomicType>
         </hdf5:DataType>
         <hdf5:Data>
            <hdf5:NoData/>
         </hdf5:Data>
      </hdf5:Attribute>
      <hdf5:Data>
         <hdf5:NoData/>
      </hdf5:Data>
   </hdf5:Dataset>
   <hdf5:Group Name="g" OBJ-XID="xid_2612" H5Path="/g" Parents="xid_96" H5ParentPaths="/" >
      <hdf5:Attribute Name="a">
         <hdf5:Dataspace>
            <hdf5:ScalarDataspace />
         </hdf5:Dataspace>
         <hdf5:DataType>
            <hdf5:AtomicType>
               <hdf5:IntegerType ByteOrder="LE" Sign="false" Size="1" />
            </hdf5:AtomicType>
         </hdf5:DataType>
         <hdf5:Data>
            <hdf5:NoData/>
         </hdf5:Data>
      </hdf5:Attribute>
      <hdf5:Attribute Name="b">
         <hdf5:Dataspace>
            <hdf5:ScalarDataspace />
         </hdf5:Dataspace>
         <hdf5:DataType>
            <hdf5:AtomicType>
               <hdf5:IntegerType ByteOrder="LE" Sign="false" Size="1" />
            </hdf5:AtomicType>
         </hdf5:DataType>
         <hdf5:Data>
            <hdf5:NoData/>
         </hdf5:Data>
      </hdf5:Attribute>
      <hdf5:Attribute Name="c">
         <hdf5:Dataspace>
            <hdf5:ScalarDataspace />
         </hdf5:Dataspace>
         <hdf5:DataType>
            <hdf5:AtomicType>
               <hdf5:IntegerType ByteOrder="LE" Sign="false" Size="1" />
            </hdf5:AtomicType>
         </hdf5:DataType>
         <hdf5:Data>
            <hdf5:NoData/>
         </hdf5:Data>
      </hdf5:Attribute>
   </hdf5:Group>
   <hdf5:Group Name="gt" OBJ-XID="xid_1700" H5Path="/gt" Parents="xid_96" H5ParentPaths="/" >
      <hdf5:Attribute Name="a">
         <hdf5:Dataspace>
            <hdf5:ScalarDataspace />
         </hdf5:Dataspace>
         <hdf5:DataType>
            <hdf5:AtomicType>
               <hdf5:IntegerType ByteOrder="LE" Sign="false" Size="1" />
            </hdf5:AtomicType>
         </hdf5:DataType>
         <hdf5:Data>
            <hdf5:NoData/>
         </hdf5:Data>
      </hdf5:Attribute>
      <hdf5:Attribute Name="b">
         <hdf5:Dataspace>
            <hdf5:ScalarDataspace />
         </hdf5:Dataspace>
         <hdf5:DataType>
            <hdf5:AtomicType>
               <hdf5:IntegerType ByteOrder="LE" Sign="false" Size="1" />
            </hdf5:AtomicType>
         </hdf5:DataType>
         <hdf5:Data>
            <hdf5:NoData/>
         </hdf5:Data>
      </hdf5:Attribute>
      <hdf5:Attribute Name="c">
         <hdf5:Dataspace>
            <hdf5:ScalarDataspace />
         </hdf5:Dataspace>
         <hdf5:DataType>
            <hdf5:AtomicType>
               <hdf5:IntegerType ByteOrder="LE" Sign="false" Size="1" />
            </hdf5:AtomicType>
         </hdf5:DataType>
         <hdf5:Data>
            <hdf5:NoData/>
         </hdf5:Data>
      </hdf5:Attribute>
   </hdf5:Group>
   <hdf5:NamedDataType Name="t" OBJ-XID="xid_3720" H5Path="/t" Parents="xid_96" H5ParentPaths="/">
      <hdf5:DataType>
         <hdf5:AtomicType>
            <hdf5:IntegerType ByteOrder="LE" Sign="true" Size="4" />
         </hdf5:AtomicType>
      </hdf5:DataType>
   </hdf5:NamedDataType>
   <hdf5:NamedDataType Name="tt" OBJ-XID="xid_3508" H5Path="/tt" Parents="xid_96" H5ParentPaths="/">
      <hdf5:DataType>
         <hdf5:AtomicType>
            <hdf5:IntegerType ByteOrder="LE" Sign="true" Size="4" />
         </hdf5:AtomicType>
      </hdf5:DataType>
   </hdf5:NamedDataType>
</hdf5:RootGroup>
</hdf5:HDF5-File>
